Date,Time,City,Latitude,Longitude,Temperature (C),Wind Speed (km/h),Wind Direction (deg)
2026-09-27,10:32:25,Yangon,16.866,96.195,29.7,11.3,331
2026-09-27,10:32:27,Mandalay,21.958,96.089,31.2,4.0,360
2026-09-27,10:32:28,Naypyidaw,19.763,96.078,30.3,7.2,357
2026-09-27,10:32:30,Bago,17.336,96.479,29.9,9.7,357
2026-09-27,10:32:31,Mawlamyine,16.491,97.625,27.4,19.4,43
2026-09-27,10:32:33,Sittwe,20.153,92.899,29.4,10.7,325
2026-09-27,10:32:34,Monywa,22.109,95.136,31.2,3.1,347
2026-09-27,10:32:35,Meiktila,20.882,95.858,30.3,11.2,355
2026-09-27,10:32:37,Taunggyi,20.782,97.039,22.8,1.9,343
2026-09-27,10:32:38,Pathein,16.779,94.732,30.2,18.9,322
